date,rent,home_price,year,median_household_income,HPI,rent_burden,rent_yoy,price_yoy,HPI_yoy
2015-01-31,2442.26147831462,757953.0799069308,2015,102340.0,7.4062251310038185,0.28637031209473757,,,
2015-02-28,2451.852474993081,767196.5609018612,2015,102340.0,7.496546422726804,0.2874949159655753,,,
2015-03-31,2471.268835276121,772689.8071919791,2015,102340.0,7.550222857064482,0.2897716046835397,,,
2015-04-30,2507.2083621010743,775291.4153936888,2015,102340.0,7.5756440824085285,0.2939857372016112,,,
2015-05-31,2565.0921543978816,777993.1766004516,2015,102340.0,7.602043937858624,0.30077297100620065,,,
2015-06-30,2616.1373339838415,782690.5167908202,2015,102340.0,7.6479432948096555,0.30675833503816785,,,
2015-07-31,2653.7227318197065,791663.4382374454,2015,102340.0,7.735620854381917,0.3111654561445816,,,
2015-08-31,2666.038858415251,803528.8010201039,2015,102340.0,7.851561471761812,0.3126095984071039,,,
2015-09-30,2657.457245955456,818837.2078174668,2015,102340.0,8.00114527865416,0.31160335109893955,,,
2015-10-31,2655.2635300282996,833893.1722464008,2015,102340.0,8.148262382708626,0.3113461242948954,,,
2015-11-30,2642.413195784875,846606.5049675897,2015,102340.0,8.272488811487099,0.3098393428710035,,,
2015-12-31,2642.5483222665853,856865.9545465935,2015,102340.0,8.372737488241093,0.30985518728941785,,,
2016-01-31,2639.6793705513537,866369.0794211918,2016,111069.0,7.800278020160367,0.28519346034101545,0.08083405236894192,0.14303787713030136,0.05320563204418005
2016-02-29,2653.456059621913,875549.8375322921,2016,111069.0,7.882936170599287,0.28668190688187484,0.08222500606583227,0.1412327454949207,0.05154236712269111
2016-03-31,2667.84299095358,879502.2000978724,2016,111069.0,7.918520920309649,0.28823628457484046,0.07954381687312262,0.13823450485785327,0.04877976057363176
2016-04-30,2672.723642155576,878574.9571253877,2016,111069.0,7.910172569532342,0.2887635947552144,0.0660157658040823,0.1332189931179002,0.04415842184305174
2016-05-31,2703.8901622485987,873689.1472817925,2016,111069.0,7.866183609123991,0.292130855116938,0.05411033970563062,0.12300361180479458,0.034745875375691515
2016-06-30,2723.270729546677,868636.6496624486,2016,111069.0,7.820693889946327,0.29422474997128023,0.040950983027979504,0.10980857826669976,0.022587849893435985
2016-07-31,2740.039571662256,860414.2961077006,2016,111069.0,7.746664650871986,0.2960364715622458,0.03252669874194458,0.08684354303808894,0.0014276548318437055
2016-08-31,2712.0940297814955,849567.0286447929,2016,111069.0,7.649002229648172,0.2930172087385134,0.017274756225278853,0.05729505596593687,-0.02579859341891999
2016-09-30,2688.3179846427433,838001.5017919196,2016,111069.0,7.544873023002994,0.2904484222934655,0.011612882477886055,0.02340427839806325,-0.05702586814270594
2016-10-31,2656.555140842882,830745.3279041722,2016,111069.0,7.479542697820024,0.28701673455342697,0.0004864341335522049,-0.0037748772228806127,-0.08206899256308775
2016-11-30,2644.203034364793,827825.9931120062,2016,111069.0,7.453258723064097,0.28568220126567734,0.0006773500006633792,-0.022183283196368198,-0.09903066744380806
2016-12-31,2638.2850182997954,829011.2164504208,2016,111069.0,7.463929777439437,0.2850428132025817,-0.001613330560832682,-0.03250769615524274,-0.10854367667420739
2017-01-31,2657.6848408756973,836294.1748395637,2017,119035.0,7.0256157839254305,0.26792303180164123,0.006821082334928619,-0.0347137326296556,-0.09931213146925888
2017-02-28,2676.8660795405667,849321.0042034006,2017,119035.0,7.135052750900161,0.26985670562848574,0.00882246375769613,-0.029956984976225454,-0.09487371247384713
2017-03-31,2707.2493322700743,865118.8504467686,2017,119035.0,7.267768727237943,0.27291966217701424,0.014770862247185379,-0.01635396665238953,-0.08218102845477593
2017-04-30,2726.672661825229,878545.1491877871,2017,119035.0,7.380561592706238,0.2748777413525665,0.020185034778284372,-3.3927597593019776e-05,-0.06695315079041508
2017-05-31,2758.8829449280297,888475.643847423,2017,119035.0,7.4639865908969885,0.2781248820862465,0.020338393714076863,0.016924207667720292,-0.0511298792670557
2017-06-30,2782.745272805538,897766.3307097143,2017,119035.0,7.542036633844788,0.2805304597275294,0.021839379615687937,0.033534943590724176,-0.0356307586031156
2017-07-31,2799.546247340005,899976.5734637982,2017,119035.0,7.5606046411878705,0.282224177494687,0.021717451197848403,0.045980497459267466,-0.024018079789109192
2017-08-31,2799.711261637902,897242.687249893,2017,119035.0,7.537637562480724,0.28224081269924667,0.03230611877548584,0.05611759519569759,-0.014559371774764185
2017-09-30,2791.067429564248,892381.6536356155,2017,119035.0,7.496800551397619,0.28136942205881443,0.03822071849701936,0.06489266633462276,-0.0063715415035894285
2017-10-31,2778.029193091326,894234.0962962558,2017,119035.0,7.5123627193367986,0.2800550284966263,0.04572615504224098,0.07642386452206096,0.004387971677244362
2017-11-30,2767.6839928094564,899006.50295219,2017,119035.0,7.552455185048011,0.2790121217600998,0.04669874319024325,0.08598486932332028,0.013309139756137789
2017-12-31,2760.8905465912176,908281.8670319348,2017,119035.0,7.630376502977568,0.2783272697869921,0.04647167665396279,0.09562072141909894,0.022300146236803542
2018-01-31,2769.488474750304,927152.7480083246,2018,126606.0,7.323134353887846,0.2624983152220562,0.042068055683294414,0.10864427363276974,0.04234768582750226
2018-02-28,2792.715657185308,960966.572883361,2018,126606.0,7.590213519764948,0.26469983955123527,0.04327806255613087,0.13145273474624086,0.06379220795632712
2018-03-31,2818.4310424462356,1002778.0180565384,2018,126606.0,7.920462048058847,0.2671372013123772,0.041068145756243846,0.15912168315218111,0.08980656172708934
2018-04-30,2844.387337855892,1046337.490621798,2018,126606.0,8.26451740535044,0.2695973970765264,0.043171546654179105,0.19098886561394646,0.11976809644373976
2018-05-31,2857.8655095108543,1084068.6102374557,2018,126606.0,8.562537401366884,0.27087488834755263,0.03587776885017746,0.22014443248330795,0.14718016934940348
2018-06-30,2877.217088070331,1111711.6557663206,2018,126606.0,8.780876544289534,0.27270907426854946,0.03394914230491075,0.23830847486503015,0.16425800756329778
2018-07-31,2889.684234736523,1130374.5321398338,2018,126606.0,8.928285643175156,0.27389073832865957,0.03219735608303065,0.2560043955247502,0.18089571759070378
2018-08-31,2897.830892076516,1144033.138558253,2018,126606.0,9.036168416648918,0.2746628967420043,0.035046339164707785,0.275054291124722,0.19880643527187702
2018-09-30,2886.625494429271,1156629.5361554762,2018,126606.0,9.135661312698263,0.2736008240774628,0.03423710364458721,0.2961153240245351,0.21860802485869968
2018-10-31,2866.2232243967433,1166240.1165169685,2018,126606.0,9.211570672140091,0.27166705126740376,0.03174697786644831,0.3041776435804773,0.2261882201759955
2018-11-30,2856.500443731951,1170657.7821747705,2018,126606.0,9.246463691884827,0.27074550435827216,0.03209053170565812,0.3021683139449183,0.22429904783685872
2018-12-31,2855.419367415941,1169694.279610535,2018,126606.0,9.238853447787111,0.2706430375257989,0.034238525298090794,0.2878097890832483,0.21079915836156626
2019-01-31,2863.7580011486457,1159859.1590218097,2019,133076.0,8.715765119343907,0.2582366167737514,0.03403860577785611,0.250990369724273,0.1901686761648329
2019-02-28,2869.071363876038,1142302.5930479364,2019,133076.0,8.583836251825547,0.258715744135024,0.027341024315983065,0.18870169398346537,0.1309084032317669
2019-03-31,2885.0633040920466,1121182.5482166966,2019,133076.0,8.425129611775953,0.26015780192600135,0.023641615012861328,0.11807651147921594,0.06371693477665108
2019-04-30,2904.826483511963,1101701.401659106,2019,133076.0,8.278738477705266,0.26193992757629897,0.02124856374224704,0.05291209722821577,0.001720738387654519
2019-05-31,2926.872810473307,1086827.58362672,2019,133076.0,8.1669691276167,0.2639279338549376,0.02414644801611532,0.0025450173201304604,-0.046197552805671505
2019-06-30,2945.513051741073,1073990.7724520783,2019,133076.0,8.070506871652878,0.2656087996400018,0.02373681289253926,-0.03393045590427024,-0.08089963103952647
2019-07-31,2958.1206803315836,1066957.1518889756,2019,133076.0,8.017652708895486,0.266745680393001,0.023683018640028086,-0.056102980426148696,-0.10199415326454797
2019-08-31,2960.310917035584,1064076.6316747218,2019,133076.0,7.996007031130496,0.2669431828761536,0.02156096310861555,-0.0698900269482533,-0.11511088965561445
2019-09-30,2949.4704557883188,1066892.480710212,2019,133076.0,8.017166737129248,0.2659656547345864,0.021771082352154414,-0.07758495926322406,-0.12243170333102704
2019-10-31,2938.4174188789425,1069712.761659868,2019,133076.0,8.038359746760257,0.26496895778763496,0.0251879176289187,-0.08276799390624967,-0.1273627448713115
2019-11-30,2924.443774909068,1072919.3803780137,2019,133076.0,8.06245589270803,0.26370889791479163,0.023785513958594295,-0.08349015680328442,-0.12804979705008124
2019-12-31,2931.4984396561654,1076552.8515405527,2019,133076.0,8.089759622625813,0.2643450455068832,0.026643747362781633,-0.07962886516038603,-0.12437623690594735
2020-01-31,2935.607092615945,1083672.3091807452,2020,,,,0.025089093225922232,-0.06568629410601734,
2020-02-29,2950.340761624887,1093634.9027044105,2020,,,,0.02832602868373968,-0.04260490227345881,
2020-03-31,2960.5669967274016,1104166.624405518,2020,,,,0.026170549716626246,-0.015176764781295815,
2020-04-30,2956.7744607071813,1108223.7858611012,2020,,,,0.017883332271334984,0.005920283111352065,
2020-05-31,2943.7238371936887,1102900.9673655943,2020,,,,0.005757348477898772,0.014789267387967708,
2020-06-30,2913.953815107316,1091554.6051796442,2020,,,,-0.010714342825641987,0.01635380226541905,
2020-07-31,2885.737906371417,1083944.2181641872,2020,,,,-0.024469175460432147,0.015921038858155656,
2020-08-31,2849.150610119625,1086580.522895642,2020,,,,-0.03755021348476251,0.021148750523260595,
2020-09-30,2809.407118398972,1100949.4431743554,2020,,,,-0.047487621757483,0.031921644476744726,
2020-10-31,2763.6297504109934,1121180.7417269165,2020,,,,-0.059483607517761605,0.04811383196661678,
2020-11-30,2733.8501024091684,1145974.2049961362,2020,,,,-0.06517262329853679,0.0680897614062892,
2020-12-31,2706.6751318650236,1169628.6549761188,2020,,,,-0.07669228294643449,0.0864572540979982,
2021-01-31,2696.4162475541452,1187253.4665612534,2021,141562.0,8.386809077021047,0.2285711912140952,-0.08147917535130855,0.09558346790167183,
2021-02-28,2694.781071645895,1198082.0829762097,2021,141562.0,8.463302884786946,0.22843257978660048,-0.08662039765136953,0.09550461494372176,
2021-03-31,2707.5078057525084,1205347.028487499,2021,141562.0,8.514622769440239,0.22951140609083018,-0.08547659662984275,0.09163508644943574,
2021-04-30,2736.187989800779,1218035.5040773049,2021,141562.0,8.604254701666441,0.23194258259709066,-0.07460375278459475,0.0990880358436621,
2021-05-31,2773.3367807733575,1235508.6561658448,2021,141562.0,8.727685792556228,0.23509163030530997,-0.057881467774763995,0.12023535450966105,
2021-06-30,2818.7566501270244,1255111.242653802,2021,141562.0,8.866159298779348,0.23894180501493545,-0.03266941448651128,0.14983825518031724,
2021-07-31,2867.7150941561895,1272534.498075799,2021,141562.0,8.989237917490563,0.24309193943201055,-0.006245477863888849,0.1739852261318542,
2021-08-31,2906.582901957701,1285621.61763704,2021,141562.0,9.081685887717326,0.24638670563775877,0.020157688973719834,0.18318117299854686,
2021-09-30,2927.2183497437504,1296240.2687183004,2021,141562.0,9.15669649141931,0.24813594182707932,0.04193455287175207,0.17738400864336246,
2021-10-31,2929.298734795512,1306768.0145562212,2021,141562.0,9.231064936608844,0.24831229297089716,0.0599461575342648,0.1655284165365265,
2021-11-30,2915.8236037808338,1321135.1137411476,2021,141562.0,9.332554737437643,0.2471700261748916,0.06656308669275757,0.15284891054384753,
2021-12-31,2912.729277337052,1341760.9898334322,2021,141562.0,9.478256805028414,0.24690772472870276,0.07612814077544927,0.14716836333052052,
2022-01-31,2927.7709422284424,1373112.5920183898,2022,150839.0,9.103166899928997,0.2329188824292213,0.0858008087156994,0.15654544770078171,0.0854148241994317
2022-02-28,2959.231858603466,1412430.7440383686,2022,150839.0,9.363829938135154,0.2354217563311981,0.0981344235122048,0.17890982939139333,0.10640373688704141
2022-03-31,2994.5829690803207,1454924.9754767169,2022,150839.0,9.64554906540561,0.23823411471147282,0.10602930219365492,0.20705899719385767,0.13282165594280593
2022-04-30,3034.679783553458,1488072.3182706812,2022,150839.0,9.865302198176076,0.24142401767872695,0.10909038226368795,0.22169863956300406,0.14656092133876508
2022-05-31,3075.856953058454,1507398.7378186248,2022,150839.0,9.993428342926066,0.2446998683145702,0.10908165729541786,0.2200632753934213,0.14502613641858875
2022-06-30,3123.412775672303,1507061.9267690305,2022,150839.0,9.991195425380907,0.24848317284036378,0.108081740767352,0.2007397237415427,0.12689103462831408
2022-07-31,3160.1071024214625,1489672.6240857963,2022,150839.0,9.8759115619024,0.2514023908210579,0.10195992233018814,0.17063437285066296,0.09863724295099785
2022-08-31,3180.8729544629514,1458897.650965396,2022,150839.0,9.67188625597754,0.253054418642098,0.09436856327769116,0.13477996243314228,0.06498797421065183
2022-09-30,3178.378327550452,1429574.917271125,2022,150839.0,9.47748869503991,0.25285595854258797,0.08580158628367718,0.10286260330784458,0.03503361762849866
2022-10-31,3151.4317151378796,1400252.1835768537,2022,150839.0,9.28309113410228,0.25071222019275224,0.0758314533453941,0.07153845822617555,0.00563599084728672
2022-11-30,3116.925447585282,1387242.0571131394,2022,150839.0,9.196839392419331,0.247967073310108,0.06896913912888536,0.0500379883059745,-0.014542142943334557
2022-12-31,3089.564140828885,1382930.8056667263,2022,150839.0,9.168257583693384,0.24579034394252558,0.0607110536731732,0.03068341988270573,-0.032706353890999074
2023-01-31,3087.1138986750193,1373453.3249880932,2023,154954.0,8.863619687056115,0.23907331713992688,0.05442466627026987,0.00024814641689552275,-0.026314711737818408
2023-02-28,3096.987618023391,1356796.143619919,2023,154954.0,8.756122098299617,0.23983796104831556,0.046551188281994005,-0.03938925901554735,-0.06489949559641028
2023-03-31,3120.2400604403033,1337354.2271613444,2023,154954.0,8.630653143264094,0.24163868454692128,0.04196146597286421,-0.08080880478173769,-0.10521909279187702
2023-04-30,3133.2983469502688,1326928.6845901648,2023,154954.0,8.563371610866223,0.24264994878094934,0.03249718930190837,-0.10829018973203175,-0.1319706747098489
2023-05-31,3156.6486356290384,1326960.0004106164,2023,154954.0,8.563573708394856,0.24445824972281102,0.026266397886367754,-0.11970206215584578,-0.14307949038763512
2023-06-30,3169.0253544964994,1335819.6659095285,2023,154954.0,8.62074980903706,0.2454167317652851,0.014603442484280249,-0.11362655894746543,-0.13716532987258634
2023-07-31,3184.8329741663906,1354283.562521998,2023,154954.0,8.739907085470515,0.24664091078640554,0.007824377764279467,-0.0908851108456703,-0.11502780976838323
2023-08-31,3187.5097780002325,1378535.5075923149,2023,154954.0,8.896417695524574,0.24684820873293228,0.0020864786592527107,-0.05508415434071279,-0.08017759307019368
2023-09-30,3177.084136186252,1405004.405639786,2023,154954.0,9.06723547401026,0.2460408226585634,-0.00040718606497591736,-0.017187285069495184,-0.04328712322752304
2023-10-31,3149.435283517677,1428347.3573507406,2023,154954.0,9.217879869837116,0.2438996308724662,-0.0006334998821687643,0.020064367050026455,-0.007024735976748575
2023-11-30,3115.949220301343,1446800.0745897875,2023,154954.0,9.336964999869558,0.24130639185575145,-0.00031320199996942577,0.04293267867079287,0.015236278624777055
2023-12-31,3103.3089375651907,1458801.6003800435,2023,154954.0,9.414417184325952,0.24032749881114582,0.004448781805390434,0.054862321673960324,0.02684911482748764
2024-01-31,3118.69396777752,1459025.2750456464,2024,168154.0,8.676720595678047,0.22255984165306947,0.010229641710354453,0.062304228691786756,-0.02108609100760539
2024-02-29,3149.609253574966,1454787.8405595906,2024,168154.0,8.651520871103813,0.22476605399157668,0.016991232139688117,0.07222285927068661,-0.011946067679448724
2024-03-31,3180.6053804026483,1455621.9521644386,2024,168154.0,8.656481274096594,0.2269780354010715,0.019346370405175506,0.08843410564015497,0.002992604430251955
2024-04-30,3202.688565486207,1467514.4650418705,2024,168154.0,8.727205210948716,0.22855396116556542,0.02214606170634137,0.10594825636400129,0.0191319035921087
2024-05-31,3235.6148757938013,1484871.5636789266,2024,168154.0,8.83042665460784,0.23090368655830737,0.02501584727342543,0.11900250438554716,0.03116140005327317
2024-06-30,3262.827298786481,1499545.690570159,2024,168154.0,8.917692654175095,0.23284565092378282,0.029599619377259634,0.12256596368429196,0.03444512968312252
2024-07-31,3289.755205895761,1513698.5649597996,2024,168154.0,9.001858801811432,0.23476731133811346,0.03294434357482534,0.11771168671716947,0.029971910888663134
2024-08-31,3295.6926936629493,1526198.6750555455,2024,168154.0,9.076196076546175,0.23519102919915905,0.03393963413363643,0.10711596955607772,0.0202079519166507
2024-09-30,3291.795626257779,1537835.0360053498,2024,168154.0,9.145396695917729,0.23491292217308746,0.03610590250506429,0.09454107747447082,0.00862018220785199
2024-10-31,3276.659951726518,1547837.0850388764,2024,168154.0,9.204878177378333,0.23383279268241144,0.0403960255588236,0.08365593080226796,-0.0014104862118378136
2024-11-30,3257.562650678,1559890.4477931894,2024,168154.0,9.276558677124477,0.23246994902372828,0.045447926254382764,0.0781658607775968,-0.006469588645338642
2024-12-31,3241.245642160435,1572311.0303318508,2024,168154.0,9.350423007075959,0.23130551581244113,0.04444826711434913,0.07781005307523392,-0.006797465631386834
2025-01-31,3245.2557243647066,1576510.1751399906,2025,,,,0.04058165305567907,0.08052286831745858,
2025-02-28,3265.487274391271,1572298.794371429,2025,,,,0.03679123709862675,0.08077532031518575,
2025-03-31,3297.326816134432,1560681.1311529754,2025,,,,0.036697867786731786,0.07217476957689395,
2025-04-30,3324.7789685053845,1548911.3394040226,2025,,,,0.038121222380123054,0.055465807187004224,
2025-05-31,3349.694186974114,1532505.6689032696,2025,,,,0.035257382463457,0.03207961307193763,
2025-06-30,3375.3317674975033,1515530.4207158925,2025,,,,0.03448066918922277,0.010659715303276807,
2025-07-31,3395.778472653738,1504037.2608753752,2025,,,,0.03222831491168909,-0.006382581253673192,
2025-08-31,3413.660780969267,1500368.6522972316,2025,,,,0.0357946259774613,-0.016924416971711653,
2025-09-30,3412.484614785553,1505464.8357594842,2025,,,,0.03666357278230459,-0.021049201954684182,
2025-10-31,3403.2840317943987,1515774.197581785,2025,,,,0.03864425418974604,-0.02071463965232878,
2025-11-30,3395.052700552597,1530368.8922998095,2025,,,,0.04220641768654265,-0.018925403085290227,
2025-12-31,3399.212798665451,1543938.4765838727,2025,,,,0.048736558084417014,-0.018045127968090213,
